file_index,category,line_number,text
5,Sangat_Kecil,1,"[584421] Sistem kriptografi ini digunakan untuk mengamankan data sensitif dari akses yang tidak sah. The quick brown fox jumps over the lazy dog to test typography and rendering speeds. Protokol jaringan bertugas mengatur komunikasi data antar perangkat agar berjalan lancar. Software engineering principles emphasize clean code, documentation, and thorough testing."
5,Sangat_Kecil,2,"[888564] Analisis data skala besar memerlukan infrastruktur komputasi yang kuat dan efisien. Proses enkripsi mengubah plaintext menjadi ciphertext menggunakan kunci rahasia tertentu. Mahasiswa wajib memastikan variasi ukuran file dan isi data tidak boleh ada yang identik. Data science combines statistical analysis, machine learning, and domain expertise to solve problems."
5,Sangat_Kecil,3,[853739] Artificial intelligence models require structured training datasets to improve accuracy. Proses enkripsi mengubah plaintext menjadi ciphertext menggunakan kunci rahasia tertentu. Mahasiswa wajib memastikan variasi ukuran file dan isi data tidak boleh ada yang identik. Keamanan informasi menjadi pilar utama dalam pengembangan aplikasi berbasis web saat ini.
5,Sangat_Kecil,4,"[640257] Proses enkripsi mengubah plaintext menjadi ciphertext menggunakan kunci rahasia tertentu. Artificial intelligence models require structured training datasets to improve accuracy. Implementasi fungsi hash membantu menjaga integritas data dari manipulasi pihak ketiga. Software engineering principles emphasize clean code, documentation, and thorough testing."
5,Sangat_Kecil,5,[169322] Pengujian performa algoritma dilakukan dengan mengukur waktu eksekusi dan penggunaan memori. Pengujian performa algoritma dilakukan dengan mengukur waktu eksekusi dan penggunaan memori. Cloud computing provides scalable resources over the internet for modern applications. Artificial intelligence models require structured training datasets to improve accuracy.
5,Sangat_Kecil,6,[377132] Sistem kriptografi ini digunakan untuk mengamankan data sensitif dari akses yang tidak sah. Proses enkripsi mengubah plaintext menjadi ciphertext menggunakan kunci rahasia tertentu. Protokol jaringan bertugas mengatur komunikasi data antar perangkat agar berjalan lancar. Proses enkripsi mengubah plaintext menjadi ciphertext menggunakan kunci rahasia tertentu.
5,Sangat_Kecil,7,"[969951] Data science combines statistical analysis, machine learning, and domain expertise to solve problems. Keamanan informasi menjadi pilar utama dalam pengembangan aplikasi berbasis web saat ini. Pengujian performa algoritma dilakukan dengan mengukur waktu eksekusi dan penggunaan memori. Kombinasi antara metode simetris dan asimetris menghasilkan sistem keamanan yang hibrida."
5,Sangat_Kecil,8,[412219] Proses enkripsi mengubah plaintext menjadi ciphertext menggunakan kunci rahasia tertentu. Implementasi fungsi hash membantu menjaga integritas data dari manipulasi pihak ketiga. Implementasi fungsi hash membantu menjaga integritas data dari manipulasi pihak ketiga. Implementasi fungsi hash membantu menjaga integritas data dari manipulasi pihak ketiga.
5,Sangat_Kecil,9,"[347665] Kombinasi antara metode simetris dan asimetris menghasilkan sistem keamanan yang hibrida. Mahasiswa wajib memastikan variasi ukuran file dan isi data tidak boleh ada yang identik. Analisis data skala besar memerlukan infrastruktur komputasi yang kuat dan efisien. Data science combines statistical analysis, machine learning, and domain expertise to solve problems."
5,Sangat_Kecil,10,"[330749] Optimasi kode pemrograman dapat meningkatkan kecepatan pemrosesan data secara signifikan. Optimasi kode pemrograman dapat meningkatkan kecepatan pemrosesan data secara signifikan. Pengujian performa algoritma dilakukan dengan mengukur waktu eksekusi dan penggunaan memori. Data science combines statistical analysis, machine learning, and domain expertise to solve problems."
5,Sangat_Kecil,11,[516955] Protokol jaringan bertugas mengatur komunikasi data antar perangkat agar berjalan lancar. Cloud computing provides scalable resources over the internet for modern applications. Pengujian performa algoritma dilakukan dengan mengukur waktu eksekusi dan penggunaan memori. Kombinasi antara metode simetris dan asimetris menghasilkan sistem keamanan yang hibrida.
5,Sangat_Kecil,12,[140274] Sistem kriptografi ini digunakan untuk mengamankan data sensitif dari akses yang tidak sah. The quick brown fox jumps over the lazy dog to test typography and rendering speeds. Cloud computing provides scalable resources over the internet for modern applications. Keamanan informasi menjadi pilar utama dalam pengembangan aplikasi berbasis web saat ini.
5,Sangat_Kecil,13,[857888] Artificial intelligence models require structured training datasets to improve accuracy. Cloud computing provides scalable resources over the internet for modern applications. Sistem kriptografi ini digunakan untuk mengamankan data sensitif dari akses yang tidak sah. Mahasiswa wajib memastikan variasi ukuran file dan isi data tidak boleh ada yang identik.
5,Sangat_Kecil,14,"[561202] The quick brown fox jumps over the lazy dog to test typography and rendering speeds. Software engineering principles emphasize clean code, documentation, and thorough testing. Pengujian performa algoritma dilakukan dengan mengukur waktu eksekusi dan penggunaan memori. Kombinasi antara metode simetris dan asimetris menghasilkan sistem keamanan yang hibrida."
5,Sangat_Kecil,15,[804364] Optimasi kode pemrograman dapat meningkatkan kecepatan pemrosesan data secara signifikan. Protokol jaringan bertugas mengatur komunikasi data antar perangkat agar berjalan lancar. Artificial intelligence models require structured training datasets to improve accuracy. Proses enkripsi mengubah plaintext menjadi ciphertext menggunakan kunci rahasia tertentu.
5,Sangat_Kecil,16,[278352] Analisis data skala besar memerlukan infrastruktur komputasi yang kuat dan efisien. Cloud computing provides scalable resources over the internet for modern applications. Keamanan informasi menjadi pilar utama dalam pengembangan aplikasi berbasis web saat ini. Protokol jaringan bertugas mengatur komunikasi data antar perangkat agar berjalan lancar.
5,Sangat_Kecil,17,"[358470] Software engineering principles emphasize clean code, documentation, and thorough testing. Optimasi kode pemrograman dapat meningkatkan kecepatan pemrosesan data secara signifikan. Implementasi fungsi hash membantu menjaga integritas data dari manipulasi pihak ketiga. Proses enkripsi mengubah plaintext menjadi ciphertext menggunakan kunci rahasia tertentu."
5,Sangat_Kecil,18,[517885] Kombinasi antara metode simetris dan asimetris menghasilkan sistem keamanan yang hibrida. Proses enkripsi mengubah plaintext menjadi ciphertext menggunakan kunci rahasia tertentu. Optimasi kode pemrograman dapat meningkatkan kecepatan pemrosesan data secara signifikan. Mahasiswa wajib memastikan variasi ukuran file dan isi data tidak boleh ada yang identik.
5,Sangat_Kecil,19,[845953] Implementasi fungsi hash membantu menjaga integritas data dari manipulasi pihak ketiga. Analisis data skala besar memerlukan infrastruktur komputasi yang kuat dan efisien. The quick brown fox jumps over the lazy dog to test typography and rendering speeds. Protokol jaringan bertugas mengatur komunikasi data antar perangkat agar berjalan lancar.
5,Sangat_Kecil,metadata,size_bytes=7013
